NAME:,,DISNEY (WALT) CO,,,,,,
TICKER SYMBOL:,,DIS,,,,,,
PRIMARY SIC CODE:,,4888,,,,,,
STOCK EXCHANGE:,,11,New York Stock Exchange,,,,,
CUSIP:,,254687,,,,,,
,,,,,,,,
,,,,,,,,
STATEMENT OF FINANCIAL POSITION,,,,,,,,
Fiscal Year:,,2015 ,2016 ,2017 ,2018 ,,,
(FYR Ending):,,(30SEP2015 ),(30SEP2016 ),(30SEP2017 ),(30SEP2018 ),,,
ASSETS,,,,,,,,
    Cash & Equivalents,,"4,269.000","4,610.000","4,043.000","4,151.000",,,
    Receivables - Total (Net),,"8,019.000","9,065.000","8,633.000","9,334.000",,,
    Inventories - Total,,"2,741.000","2,598.000","2,651.000","2,706.000",,,
    Prepaid Expenses,,469.000,449.000,445.000,476.000,,,
    Current Assets - Other,,"1,260.000",244.000,117.000,158.000,,,
,,,,,,,,
Current Assets - Total,,"16,758.000","16,966.000","15,889.000","16,825.000",,,
,,,,,,,,
"    Plant, Property & Equip (Gross)",,"50,023.000","54,198.000","57,443.000","60,304.000",,,
    Accumulated Depreciation,,"24,844.000","26,849.000","29,037.000","30,764.000",,,
,,,,,,,,
"Plant, Property & Equip (Net)",,"25,179.000","27,349.000","28,406.000","29,540.000",,,
,,,,,,,,
    Investments at Equity,,"2,483.000","4,082.000","3,087.000","2,768.000",,,
    Investments and Advances - Other,,"1,749.000","1,849.000","1,803.000","2,059.000",,,
    Intangibles,,"34,998.000","34,759.000","38,421.000","38,081.000",,,
    Deferred Charges,,211.000,229.000,233.000,919.000,,,
    Assets - Other,,"6,804.000","6,799.000","7,950.000","8,406.000",,,
,,,,,,,,
TOTAL ASSETS,,"88,182.000","92,033.000","95,789.000","98,598.000",,,
,,,,,,,,
LIABILITIES,,,,,,,,
    Accounts Payable,,"5,504.000","6,860.000","6,490.000","6,503.000",,,
    Notes Payable,,"2,430.000","1,521.000","2,772.000","1,005.000",,,
    Accrued Expenses,,"2,313.000","2,250.000","2,353.000","2,964.000",,,
    Taxes Payable,,.000,.000,.000,.000,,,
    Debt (Long-Term) Due In One Year,,"2,160.000","2,186.000","3,412.000","2,797.000",,,
    Other Current Liabilities,,"3,927.000","4,025.000","4,568.000","4,591.000",,,
,,,,,,,,
Total Current Liabilities,,"16,334.000","16,842.000","19,595.000","17,860.000",,,
,,,,,,,,
    Long Term Debt,,"12,968.000","16,657.000","19,248.000","17,226.000",,,
    Deferred Taxes (Balance Sheet),,"4,051.000","3,679.000","4,480.000","3,109.000",,,
    Investment Tax Credit,,.000,.000,.000,.000,,,
    Liabilities - Other,,"6,174.000","7,532.000","6,314.000","6,448.000",,,
    Noncontrolling Interest - Redeemable,,.000,.000,"1,148.000","1,123.000",,,
,,,,,,,,
TOTAL LIABILITIES,,"39,527.000","44,710.000","50,785.000","45,766.000",,,
,,,,,,,,
SHAREHOLDERS' EQUITY,,,,,,,,
    Preferred Stock,,.000,.000,.000,.000,,,
    Common Stock,,29.000,29.000,29.000,29.000,,,
    Capital Surplus,,"35,093.000","35,830.000","36,219.000","36,750.000",,,
    Retained Earnings (Net Other),,"56,607.000","62,109.000","69,078.000","79,582.000",,,
    Less: Treasury Stock,,"47,204.000","54,703.000","64,011.000","67,588.000",,,
Shareholders Equity - Parent,,"44,525.000","43,265.000","41,315.000","48,773.000",,,
Noncontrolling Interest - Nonredeemable,,"4,130.000","4,058.000","3,689.000","4,059.000",,,
,,,,,,,,
TOTAL SHAREHOLDERS EQUITY,,"48,655.000","47,323.000","45,004.000","52,832.000",,,
,,,,,,,,
TOTAL LIABILITIES AND EQUITY,,"88,182.000","92,033.000","95,789.000","98,598.000",,,
,,,,,,,,
,,,,,,,,
INCOME STATEMENT,,,,,,,,
Fiscal Year:,,2015 ,2016 ,2017 ,2018 ,,,
(FYR Ending):,,(30SEP2015 ),(30SEP2016 ),(30SEP2017 ),(30SEP2018 ),,,
Sales (Net),,"52,465.000","55,632.000","55,137.000","59,434.000",,,
    Cost of Goods Sold,,"28,364.000","29,864.000","30,306.000","32,726.000",,,
,,,,,,,,
Gross Profit,,"24,101.000","25,768.000","24,831.000","26,708.000",,,
"    Selling, General, & Admin Expenses",,"8,523.000","8,754.000","8,176.000","8,860.000",,,
,,,,,,,,
Operating Income Before Depreciation,,"15,578.000","17,014.000","16,655.000","17,848.000",,,
"    Depreciation, Depletion, & Amortiz",,"2,354.000","2,527.000","2,782.000","3,011.000",,,
,,,,,,,,
Operating Income After Depreciation,,"13,224.000","14,487.000","13,873.000","14,837.000",,,
    Interest Expense,,375.000,493.000,594.000,807.000,,,
    Non-Operating Income/Expense,,"1,072.000","1,159.000",529.000,341.000,,,
    Special Items,,-53.000,-285.000,-20.000,358.000,,,
,,,,,,,,
Pretax Income,,"13,868.000","14,868.000","13,788.000","14,729.000",,,
    Income Taxes - Total,,"5,016.000","5,078.000","4,422.000","1,663.000",,,
    Minority Interest,,470.000,399.000,386.000,468.000,,,
Income Before EI&DO,,"8,382.000","9,391.000","8,980.000","12,598.000",,,
    Extraordinary Items,,.000,.000,.000,.000,,,
    Discontinued Operations,,.000,.000,.000,.000,,,
,,,,,,,,
Net Income (Loss),,"8,382.000","9,391.000","8,980.000","12,598.000",,,
,,,,,,,,
,,,,,,,,
STATEMENT OF CASH FLOWS,,,,,,,,
Fiscal Year:,,2015 ,2016 ,2017 ,2018 ,,,
(FYR Ending):,,(30SEP2015 ),(30SEP2016 ),(30SEP2017 ),(30SEP2018 ),,,
INDIRECT OPERATING ACTIVITIES,,,,,,,,
Income Before Extraordinary Items,,"8,852.000","9,790.000","9,366.000","13,066.000",,,
Depreciation and Amortizations,,"2,354.000","2,527.000","2,782.000","3,011.000",,,
Extraordinary Items and Disc. Operations,,.000,.000,.000,.000,,,
Deferred Taxes,,-102.000,"1,214.000",334.000,"-1,573.000",,,
Equity in Net Loss (Earnings),,-62.000,-127.000,468.000,877.000,,,
Sale of PPEq and Investments - Loss (Gain),,-91.000,-26.000,-289.000,,,,
Funds from Operations - Other,,751.000,838.000,867.000,274.000,,,
Receivables - Decrease (Increase),,-211.000,-393.000,107.000,-720.000,,,
Inventory - Decrease (Increase),,-921.000,85.000,"-1,080.000",-540.000,,,
Accounts/P and Accrued Liabs - Inc(Dec),,-49.000,40.000,-368.000,235.000,,,
Income Taxes - Accrued - Increase(Decrease),,.000,.000,.000,.000,,,
Other Assets and Liabilities - Net Change,,388.000,-735.000,156.000,-335.000,,,
,,,,,,,,
Operating Actiities - Net Cash Flow,,"10,909.000","13,213.000","12,343.000","14,295.000",,,
,,,,,,,,
INVESTING ACTIVITIES,,,,,,,,
Investments - Increase,,.000,.000,.000,.000,,,
Sale of Investments,,,,.000,.000,,,
Short term Investments - Change,,.000,.000,.000,.000,,,
Capital Expenditures,,"4,265.000","4,773.000","3,623.000","4,465.000",,,
Sale of Property Plant and Equipment,,,,.000,.000,,,
Acquisitions,,.000,850.000,417.000,"1,581.000",,,
Investing Activities - Other,,20.000,-135.000,-71.000,710.000,,,
,,,,,,,,
Investing Activites - Net Cash Flow,,"-4,245.000","-5,758.000","-4,111.000","-5,336.000",,,
,,,,,,,,
FINANCING ACTIVITIES,,,,,,,,
Sale of Common and Preferred Stock,,329.000,259.000,276.000,210.000,,,
Purchase of Common and Preferred Stock,,"6,095.000","7,499.000","9,368.000","3,577.000",,,
Cash Dividends,,"3,063.000","2,313.000","2,445.000","2,515.000",,,
Long Term Debt - Issuance,,"2,550.000","6,065.000","4,820.000","1,056.000",,,
Long Term Debt - Reduction,,"2,221.000","2,205.000","2,364.000","1,871.000",,,
Current Debt - Changes,,"2,376.000",-920.000,"1,247.000","-1,768.000",,,
Financing Activities - Other,,610.000,-378.000,"-1,125.000",-378.000,,,
,,,,,,,,
Financing Activities - Net Cash Flow,,"-5,514.000","-6,991.000","-8,959.000","-8,843.000",,,
,,,,,,,,
Exchange Rate Effect,,-302.000,-123.000,31.000,-25.000,,,
,,,,,,,,
Cash and Cash Equivalents - Change,,848.000,341.000,-696.000,91.000,,,
,,,,,,,,
,,,,,,,,
,,,,,,,,
,,,,,,,,
,,,,,,,,
,,,,,,,,
,,,,,,,,
,,,,,,,,
,,,,,,,,
,,,,,,,,
,,,,,,,,
,,,,,,,,
,,,,,,,,
,,,,,,,,
,,,,,,,,
,,,,,,,,
,,,,,,,,
,,,,,,,,
,,,,,,,,
,,,,,,,,
,,,,,,,,
,,,,,,,,
,,,,,,,,
,,,,,,,,
,,,,,,,,
,,,,,,,,
,,,,,,,,
,,,,,,,,
,,,,,,,,
,,,,,,,,
,,,,,,,,
,,,,,,,,
,,,,,,,,
,,,,,,,,
,,,,,,,,
,,,,,,,,
,,,,,,,,
,,,,,,,,
,,,,,,,,
,,,,,,,,
,,,,,,,,
,,,,,,,,
,,,,,,,,
,,,,,,,,
,,,,,,,,
,,,,,,,,
,,,,,,,,
,,,,,,,,
,,,,,,,,
,,,,,,,,
,,,,,,,,
,,,,,,,,
,,,,,,,,
,,,,,,,,
,,,,,,,,
,,,,,,,,
,,,,,,,,
,,,,,,,,
,,,,,,,,
,,,,,,,,
,,,,,,,,
,,,,,,,,
,,,,,,,,
,,,,,,,,
,,,,,,,,
,,,,,,,,
,,,,,,,,
,,,,,,,,
,,,,,,,,
,,,,,,,,
,,,,,,,,
,,,,,,,,
,,,,,,,,
,,,,,,,,
,,,,,,,,
,,,,,,,,
,,,,,,,,
,,,,,,,,
,,,,,,,,
,,,,,,,,
,,,,,,,,
,,,,,,,,
,,,,,,,,
,,,,,,,,
,,,,,,,,
,,,,,,,,
,,,,,,,,
,,,,,,,,
,,,,,,,,
,,,,,,,,
,,,,,,,,
,,,,,,,,
,,,,,,,,
,,,,,,,,
,,,,,,,,
,,,,,,,,
,,,,,,,,
,,,,,,,,
,,,,,,,,
,,,,,,,,
,,,,,,,,
,,,,,,,,
,,,,,,,,
,,,,,,,,
,,,,,,,,
,,,,,,,,
,,,,,,,,
,,,,,,,,
,,,,,,,,
,,,,,,,,
,,,,,,,,
,,,,,,,,
,,,,,,,,
,,,,,,,,
,,,,,,,,
,,,,,,,,
,,,,,,,,
,,,,,,,,
,,,,,,,,
,,,,,,,,
,,,,,,,,
,,,,,,,,
,,,,,,,,
,,,,,,,,
,,,,,,,,
,,,,,,,,
,,,,,,,,
,,,,,,,,
,,,,,,,,
,,,,,,,,
,,,,,,,,
,,,,,,,,
,,,,,,,,
,,,,,,,,
,,,,,,,,
,,,,,,,,
,,,,,,,,
,,,,,,,,
,,,,,,,,
,,,,,,,,
,,,,,,,,
,,,,,,,,
,,,,,,,,
,,,,,,,,
,,,,,,,,
,,,,,,,,
,,,,,,,,
,,,,,,,,
,,,,,,,,
,,,,,,,,
,,,,,,,,
,,,,,,,,
,,,,,,,,
,,,,,,,,
,,,,,,,,
,,,,,,,,
,,,,,,,,
,,,,,,,,
,,,,,,,,
,,,,,,,,
,,,,,,,,
,,,,,,,,
,,,,,,,,
,,,,,,,,
,,,,,,,,
,,,,,,,,
,,,,,,,,
,,,,,,,,
,,,,,,,,
,,,,,,,,
,,,,,,,,
,,,,,,,,
,,,,,,,,
,,,,,,,,
,,,,,,,,
,,,,,,,,
,,,,,,,,
,,,,,,,,
,,,,,,,,
,,,,,,,,
,,,,,,,,
,,,,,,,,
,,,,,,,,
,,,,,,,,
,,,,,,,,
,,,,,,,,
,,,,,,,,
,,,,,,,,
,,,,,,,,
,,,,,,,,
,,,,,,,,
,,,,,,,,
,,,,,,,,
,,,,,,,,
,,,,,,,,
,,,,,,,,
,,,,,,,,
,,,,,,,,
,,,,,,,,
,,,,,,,,
,,,,,,,,
,,,,,,,,
,,,,,,,,
,,,,,,,,
,,,,,,,,
,,,,,,,,
,,,,,,,,
,,,,,,,,
,,,,,,,,
,,,,,,,,
,,,,,,,,
,,,,,,,,
,,,,,,,,
,,,,,,,,
,,,,,,,,
